<?xml version="1.0"?>
<!DOCTYPE mycat:schema SYSTEM "schema.dtd">
<mycat:schema xmlns:mycat="http://io.mycat/">

	<schema name="TESTDB" checkSQLschema="true" sqlMaxLimit="100">
		<!-- auto sharding by id (long) -->
		<table name="travelrecord" dataNode="dn1,dn2,dn3" rule="auto-sharding-long" />

		<!-- global table is auto cloned to all defined data nodes ,so can join
			with any table whose sharding node is in the same data node -->
		<table name="company" primaryKey="ID" type="global" dataNode="dn1,dn2,dn3" />
		<table name="goods" primaryKey="ID" type="global" dataNode="dn1,dn2" />
		<!-- random sharding using mod sharind rule -->
		<table name="countries" primaryKey="country_id" dataNode="dn1" />
		
		<!--取模分片-->
		<table name="tbl_user" primaryKey="id" autoIncrement="true" dataNode="dn1,dn2,dn3" rule="user-mod-long"/> 
		
		<!--范围分片：提前规划好分片字段某个范围属于哪个分片-->
		<table name="sharding_long" primaryKey="id" autoIncrement="true" dataNode="dn1,dn2,dn3" rule="auto-sharding-long"/> 
		
		<!--分片枚举：通过在配置文件中配置可能的枚举 id，自己配置分片，本规则适用于特定的场景，比如有些业务需要按照省份或区县来做保存，而全国省份区县固定的，这类业务使用本条规则-->
		<table name="sharding_by_intfile" primaryKey="id" autoIncrement="true" dataNode="dn1,dn2,dn3" rule="sharding-by-intfile" /> 
		
		<!--自然月分片：通过在配置文件中配置可能的枚举 id，自己配置分片，本规则适用于特定的场景，比如有些业务需要按照省份或区县来做保存，而全国省份区县固定的，这类业务使用本条规则-->
		<table name="sharding_by_month" primaryKey="id" autoIncrement="true" dataNode="dn1,dn2,dn3" rule="sharding-by-month" /> 
		
		
		<!--ER关系分片-->
	    <table name="amazon_config" primaryKey="ac_id" dataNode="dn1,dn2,dn3" rule="amazon-config-mod-long">
			<childTable name="amazon_advt" primaryKey="aap_id" joinKey="ac_id" parentKey="ac_id">
				<childTable name="amazon_advt_detail" primaryKey="aad_id" joinKey="aap_id"
							parentKey="aap_id" />
			</childTable>
			<childTable name="amazon_advt_upc" primaryKey="id" joinKey="ac_id"  parentKey="ac_id" />
			<childTable name="amazon_category" primaryKey="ac_id" joinKey="amazon_config_id" parentKey="ac_id" /> <!--链接的父表字段(site_code)非主键字段那么不可用mycat路由索引(缓存字段索引关系)-->
		</table>
		<table name="mycat_sequence" primaryKey="name" dataNode="dn2"/>
		
		<table name="test" primaryKey="id" dataNode="dn1,dn4" rule="test-mod-long" />
		
		<!-- <table name="dual" primaryKey="ID" dataNode="dnx,dnoracle2" type="global"
			needAddLimit="false"/> <table name="worker" primaryKey="ID" dataNode="jdbc_dn1,jdbc_dn2,jdbc_dn3"
			rule="mod-long" /> -->
 
		<!-- <table name="oc_call" primaryKey="ID" dataNode="dn1$0-743" rule="latest-month-calldate"
			/> -->
	</schema>
	<!-- <dataNode name="dn1$0-743" dataHost="localhost1" database="db$0-743"
		/> -->
	<dataNode name="dn1" dataHost="localhost1" database="db1" />
	<dataNode name="dn2" dataHost="localhost1" database="db2" />
	<dataNode name="dn3" dataHost="localhost1" database="db3" />
	
	
	<dataNode name="dn4" dataHost="localhost2" database="db4" />
	<dataNode name="dn5" dataHost="localhost3" database="db5" />
	<dataNode name="dn7" dataHost="localserver" database="db7" />
    <!--<dataNode name="dn6" dataHost="localhost4" database="db6" />-->
 
	<!--<dataNode name="dn4" dataHost="sequoiadb1" database="SAMPLE" />
	 <dataNode name="jdbc_dn1" dataHost="jdbchost" database="db1" />
	<dataNode	name="jdbc_dn2" dataHost="jdbchost" database="db2" />
	<dataNode name="jdbc_dn3" 	dataHost="jdbchost" database="db3" /> -->
	<dataHost name="localhost1" maxCon="1000" minCon="10" balance="3"
			  writeType="0" dbType="mysql" dbDriver="native" switchType="1"  slaveThreshold="100">
		<heartbeat>select user()</heartbeat>
		<!-- can have multi write hosts -->
		<writeHost host="hostM1" url="192.168.99.88:3306" user="root"
				   password="root">
			<!-- can have multi read hosts -->
			<readHost host="hostS2" url="192.168.99.89:3306" user="root" password="root" />
		</writeHost>
<!--		<writeHost host="hostS1" url="localhost:3316" user="root"-->
<!--				   password="root" />-->
		<!-- <writeHost host="hostM2" url="localhost:3316" user="root" password="123456"/> -->
	</dataHost>
	
	<dataHost name="localhost2" maxCon="1000" minCon="10" balance="0" writeType="0" dbType="mysql" dbDriver="native" switchType="1"  slaveThreshold="100">
		<heartbeat>select user()</heartbeat>
		<writeHost host="hostM2" url="192.168.99.88:3001" user="root" password="123456" />
	</dataHost>
	<dataHost name="localhost3" maxCon="1000" minCon="10" balance="0" writeType="0" dbType="mysql" dbDriver="native" switchType="1"  slaveThreshold="100">
		<heartbeat>select user()</heartbeat>
		<writeHost host="hostM3" url="192.168.99.88:3002" user="root" password="123456" />
	</dataHost>
	
		<dataHost name="localserver" maxCon="1000" minCon="10" balance="0" writeType="0" dbType="mysql" dbDriver="native" switchType="1"  slaveThreshold="100">
		<heartbeat>select user()</heartbeat>
		<writeHost host="hostM5" url="localhost:3306" user="root" password="root" />
	</dataHost>
 
	<!--
		<dataHost name="sequoiadb1" maxCon="1000" minCon="1" balance="0" dbType="sequoiadb" dbDriver="jdbc">
		<heartbeat> 		</heartbeat>
		 <writeHost host="hostM1" url="sequoiadb://1426587161.dbaas.sequoialab.net:11920/SAMPLE" user="jifeng" 	password="jifeng"></writeHost>
		 </dataHost>

	  <dataHost name="oracle1" maxCon="1000" minCon="1" balance="0" writeType="0" 	dbType="oracle" dbDriver="jdbc"> <heartbeat>select 1 from dual</heartbeat>
		<connectionInitSql>alter session set nls_date_format='yyyy-mm-dd hh24:mi:ss'</connectionInitSql>
		<writeHost host="hostM1" url="jdbc:oracle:thin:@127.0.0.1:1521:nange" user="base" 	password="123456" > </writeHost> </dataHost>

		<dataHost name="jdbchost" maxCon="1000" 	minCon="1" balance="0" writeType="0" dbType="mongodb" dbDriver="jdbc">
		<heartbeat>select 	user()</heartbeat>
		<writeHost host="hostM" url="mongodb://192.168.0.99/test" user="admin" password="123456" ></writeHost> </dataHost>

		<dataHost name="sparksql" maxCon="1000" minCon="1" balance="0" dbType="spark" dbDriver="jdbc">
		<heartbeat> </heartbeat>
		 <writeHost host="hostM1" url="jdbc:hive2://feng01:10000" user="jifeng" 	password="jifeng"></writeHost> </dataHost> -->

	<!-- <dataHost name="jdbchost" maxCon="1000" minCon="10" balance="0" dbType="mysql"
		dbDriver="jdbc"> <heartbeat>select user()</heartbeat> <writeHost host="hostM1"
		url="jdbc:mysql://localhost:3306" user="root" password="123456"> </writeHost>
		</dataHost> -->
</mycat:schema>