<?xml version="1.0" encoding="UTF-8"?>
<Configuration status="WARN">
    <Appenders>
        <Console name="Console" target="SYSTEM_OUT">
            <PatternLayout pattern="%d [%-5p][%t] %m %throwable{full} (%C:%F:%L) %n"/>
        </Console>

        <RollingFile name="RollingFile" fileName="${sys:MYCAT_HOME}/logs/mycat.log"
                     filePattern="${sys:MYCAT_HOME}/logs/$${date:yyyy-MM}/mycat-%d{MM-dd}-%i.log.gz">
        <PatternLayout>
                <Pattern>%d{yyyy-MM-dd HH:mm:ss.SSS} %5p [%t] (%l) - %m%n</Pattern>
            </PatternLayout>
            <Policies>
                <OnStartupTriggeringPolicy/>
                <SizeBasedTriggeringPolicy size="250 MB"/>
                <TimeBasedTriggeringPolicy/>
            </Policies>
        </RollingFile>
    </Appenders>
    <Loggers>
        <!--<AsyncLogger name="io.mycat" level="info" includeLocation="true" additivity="false">-->
            <!--<AppenderRef ref="Console"/>-->
            <!--<AppenderRef ref="RollingFile"/>-->
        <!--</AsyncLogger>-->
        <asyncRoot level="info" includeLocation="true">

            <!--<AppenderRef ref="Console" />-->
            <AppenderRef ref="RollingFile"/>

        </asyncRoot>
    </Loggers>
</Configuration>
